nationality_en;nationality_es;photo_locality;photo_country_en;photo_country_es;date
Spain;España;País Vasco ;Spain;España;01/08/2015
Spain;España;Barajas. Madrid ;Spain;España;01/08/2015
Brazil;Brasil;Palmas, Tocantins ;Brazil;Brasil;
Denmark;Dinamarca;Cuzco ;Peru;Perú;01/09/2014
Denmark;Dinamarca;Cuzco ;Peru;Perú;01/09/2014
Turkey;Turquía;Istanbul Çatladıkapı;Turkey;Turquía;01/10/2016
Turkey;Turquía;Istanbul Çatladıkapı;Turkey;Turquía;01/10/2016
Turkey;Turquía;Istanbul Çatladıkapı;Turkey;Turquía;01/10/2016
Spain;España;Monte Gurugú ;Morocco;Marruecos;01/04/2014
Mexico;México;Tenochtitlan ;Mexico;México;
Mexico;México;Tenochtitlan ;Mexico;México;
Mexico;México;Tenochtitlan ;Mexico;México;
Uganda;Uganda;Kampala;Uganda;Uganda;2015
Uganda;Uganda;Kampala ;Uganda;Uganda;2015
Uganda;Uganda;Kampala ;Uganda;Uganda;2016
Mozambique;Mozambique;Maputo ;Mozambique;Mozambique;01/12/2014
Spain;España;Berja, Almería;Spain;España;2015
Spain;España;Berja, Almería;Spain;España;2015
Spain;España;Berja, Almería;Spain;España;2015
Turkey;Turquía;Eminönü/İstanbu;Turkey;Turquía;01/02/2016
Turkey;Turquía;Çankırı;Turkey;Turquía;01/09/2016
Netherlands;Holanda;Muthemba district, Tete;Mozambique;Mozambique;01/09/2016
Netherlands;Holanda;Muthemba district, Tete;Mozambique;Mozambique;01/09/2016
Netherlands;Holanda;Muthemba district, Tete;Mozambique;Mozambique;01/09/2016
Spain;España;Cantel ;Guatemala;Guatemala;01/10/2016
Spain;España;Cantel ;Guatemala;Guatemala;01/09/2016
France;Francia;Tibet ;China;China;01/07/2016
France;Francia;Barbacha ;Algeria;Argelia;01/08/2013
France;Francia;China;China;China;01/05/2016
Argentina;Argentina;Buenos Aires ;Argentina;Argentina;2016
Turkey;Turquía;Ankara ;Turkey;Turquía;
Turkey;Turquía;Ankara ;Turkey;Turquía;
Turkey;Turquía;Ankara ;Turkey;Turquía;
Turkey;Turquía;Tire, İzmir;Turkey;Turquía;01/08/2016
Turkey;Turquía;Tire, İzmir;Turkey;Turquía;01/08/2016
Turkey;Turquía;Tire, İzmir;Turkey;Turquía;01/08/2016
Portugal;Portugal;Carrasqueira;Portugal;Portugal;01/02/2017
Portugal;Portugal;Carrasqueira;Portugal;Portugal;01/02/2017
Portugal;Portugal;Carrasqueira;Portugal;Portugal;01/02/2017
Sweden;Suecia;Nairobi ;Kenya;Kenia;01/09/2015
Sweden;Suecia;Hampi ;India;India;01/01/2012
Sweden;Suecia;Dharavii ;India;India;01/10/2014
Turkey;Turquía;Capadocia ;Turkey;Turquía;01/02/2017
Turkey;Turquía;Capadocia ;Turkey;Turquía;01/02/2017
Spain;España;Laos;Lao;Laos;01/01/2011
Portugal;Portugal;Mindelo ;Cape Verde;Cabo Verde;01/03/2011
Portugal;Portugal;Mindelo ;Cape Verde;Cabo Verde;01/03/2011
Portugal;Portugal;Mindelo ;Cape Verde;Cabo Verde;01/03/2011
Germany;Alemania;Istanbul;Turkey;Turquía;2013
Germany;Alemania;Istanbul;Turkey;Turquía;2013
Germany;Alemania;Istanbul;Turkey;Turquía;2013
United Kingdom;Reino Unido;Lagos (Nigeria);Nigeria;Nigeria;01/02/2017
United Kingdom;Reino Unido;Lagos (Nigeria);Nigeria;Nigeria;01/02/2017
United Kingdom;Reino Unido;Lagos (Nigeria);Nigeria;Nigeria;01/02/2017
Denmark;Dinamarca;Simons Town, Accra - Ghana ;Ghana;Ghana;01/03/2014
Denmark;Dinamarca;Simons Town, Accra - Ghana ;Ghana;Ghana;01/03/2014
Denmark;Dinamarca;Simons Town, Accra - Ghana ;Ghana;Ghana;01/03/2014
Portugal;Portugal;Villamar - Bolívia;Bolivia;Bolivia;01/01/2017
Portugal;Portugal;Tarabuco - Bolívia;Bolivia;Bolivia;01/01/2017
Portugal;Portugal;Tankarpata, Cusco - Perú;Peru;Perú;01/02/2017
Spain;España;Daimiel (Ciudad Real);Spain;España;2010
Spain;España;Tarancón (Cuenca);Spain;España;2010
Spain;España; Cañada Real (Madrid) ;Spain;España;2011
Chile;Chile;Río de Janeiro - Brasil;Brazil;Brasil;01/09/2012
Spain;España;Santiago de Cuba - Cuba;Cuba;Cuba;01/12/2016
Spain;España;Cienfuegos - Cuba;Cuba;Cuba;01/12/2016
Spain;España;La Habana - Cuba;Cuba;Cuba;01/01/2017
Brazil;Brasil;Brasília - Setor de Autarquías Sul;Brazil;Brasil;01/03/2017
Brazil;Brasil;Brasília - Setor de Autarquías Sul;Brazil;Brasil;01/03/2017
Dominican Republic;Rep. Dominicana;Sector Cristo Rey, Santo Domingo (RD);Dominican Republic;República Dominicana;01/03/2017
Spain;España;Parque Nacional Yaxhá - Guatemala;Guatemala;Guatemala;01/11/2014
Spain;España;San Antonio Palopó - Gautemala;Guatemala;Guatemala;01/09/2014
Spain;España;Ciudad de Guatemala - Guatemala;Guatemala;Guatemala;01/09/2014
Spain;España;Kathmandu - Nepal;Nepal;Nepal;01/05/2016
Spain;España;Kathmandu - Nepal;Nepal;Nepal;01/05/2016
Spain;España;Kathmandu - Nepal;Nepal;Nepal;01/05/2016
Austria;Austria;Isla Margarita - Venezuela;Venezuela;Venezuela;01/01/2016
Egypt;Egipto;Bangkok;Thailand;Tailandia;01/07/2016
Egypt;Egipto;Bangkok;Thailand;Tailandia;01/07/2016
Italy;Italia;Barrio de Guapulo (Quito) - Ecuador;Ecuador;Ecuador;01/03/2015
Italy;Italia;Playa del Embarcadero (Almería) - España;Spain;España;01/06/2014
Italy;Italia;Manabí - Ecuador;Ecuador;Ecuador;01/05/2015
Spain;España;Bamako - Mali;Mali;Mali;01/03/2011
Spain;España;Bamako - Mali;Mali;Mali;01/03/2011
Spain;España;Bamako - Mali;Mali;Mali;01/03/2011
Spain;España;Atlas - Marruecos;Morocco;Marruecos;2014
Spain;España;Lago Titicaca - Perú;Peru;Perú;2014
Spain;España;Río de Janeiro;Brazil;Brasil;2013
Spain;España;Isla Carabanne - Senegal;Senegal;Senegal;2014
Spain;España;Caparán - Senegal;Senegal;Senegal;2014
Spain;España;Isla Carabanne - Senegal;Senegal;Senegal;2014
Spain;España;Jaipur - India;India;India;01/10/2015
Spain;España;Jaipur - India;India;India;01/10/2015
Spain;España;Jaipur - India;India;India;01/10/2015
Italy;Italia;Nahr el-Bared - Líbano;Lebanon;Líbano;2015
Italy;Italia;Nahr el-Bared - Líbano;Lebanon;Líbano;2015
Italy;Italia;Nahr el-Bared - Líbano;Lebanon;Líbano;2015
Spain;España;Taiwán;Taiwan;Taiwán;2016
Spain;España;Entrerríos. Mijas (Málaga) - España;Spain;España;01/03/2017
Spain;España;Entrerríos. Mijas (Málaga) - España;Spain;España;01/03/2017
Spain;España;Entrerríos. Mijas (Málaga) - España;Spain;España;01/03/2017
Portugal;Portugal;Marruecos;Morocco;Marruecos;01/06/2016
Portugal;Portugal;Marruecos;Morocco;Marruecos;01/06/2016
Portugal;Portugal;Marruecos;Morocco;Marruecos;01/06/2016
Cyprus;Chipre;Karmi - Chipre;Cyprus;Chipre;2016
Cyprus;Chipre;Lefka - Chipre;Cyprus;Chipre;2016
Cyprus;Chipre;Nicosia - Chipre;Cyprus;Chipre;2016
Spain;España;Oulad Driss - Marruecos;Morocco;Marruecos;2014
Spain;España;Arcila - Marruecos;Morocco;Marruecos;2014
Spain;España;Moulay Bousselham - Marruecos;Morocco;Marruecos;2014
Spain;España;Burkina Faso;Burkina Faso;Burkina Faso;
Spain;España;Burkina Faso;Burkina Faso;Burkina Faso;
Spain;España;Burkina Faso;Burkina Faso;Burkina Faso;
Spain;España;Accra - Ghana;Ghana;Ghana;01/01/2014
Spain;España;Accra - Ghana;Ghana;Ghana;01/01/2014
Spain;España;Accra - Ghana;Ghana;Ghana;01/01/2014
Brazil;Brasil;San Pedro de Atacama - Chile;Chile;Chile;01/01/2017
Brazil;Brasil;San Pedro de Atacama - Chile;Chile;Chile;01/01/2017
Brazil;Brasil;San Pedro de Atacama - Chile;Chile;Chile;01/01/2017
Spain;España;Sáhara - Marruecos;Morocco;Marruecos;01/02/2017
Cyprus;Chipre;Siouskou Village, Paphos - Chipre;Cyprus;Chipre;01/02/2017
Italy;Italia;Habana - Cuba;Cuba;Cuba;01/08/2016
Italy;Italia;Al-Ṣawīra - Marruecos;Morocco;Marruecos;01/09/2014
Italy;Italia;Kasbah Ait Ben Hadou - Marruecos;Morocco;Marruecos;01/09/2014
Portugal;Portugal;Marruecos;Morocco;Marruecos;01/06/2015
Portugal;Portugal;Marruecos;Morocco;Marruecos;01/06/2015
Argentina;Argentina;Agra - India;India;India;01/02/2017
Argentina;Argentina;Nueva Delhi - India;India;India;01/02/2017
Argentina;Argentina;Jaipur - India;India;India;01/02/2017
Spain;España;Agra - India;India;India;01/07/2014
Spain;España;Rajasthan - India;India;India;01/07/2014
Spain;España;Isla de Goree - Senegal;Senegal;Senegal;01/03/2017
Spain;España;Torrelavega, Santander - España;Spain;España;01/09/2016
Brazil;Brasil;San Diego, California - USA;USA;USA;01/01/2016
Argentina;Argentina;Brasília - Brasil;Brazil;Brasil;01/09/2016
Argentina;Argentina;Brasília - Brasil;Brazil;Brasil;01/09/2016
Argentina;Argentina;Brasília - Brasil;Brazil;Brasil;01/09/2016
Italy;Italia;Beirut - Líbano;Lebanon;Líbano;2015
Italy;Italia;Beirut - Líbano;Lebanon;Líbano;2015
Italy;Italia;Beirut - Líbano;Lebanon;Líbano;2015
Cuba;Cuba;Calle Medio, Matanzas ;Cuba;Cuba;01/03/2017
Turkey;Turquía;Cunda Island - Turquía;Turkey;Turquía;01/09/2016
Mexico;México;Teocaltiche Jalisco ;Mexico;México;01/03/2017
Portugal;Portugal;Port Louis ;Mauritius;Mauricio;01/07/2016
Portugal;Portugal;Rodrigues Island ;Mauritius;Mauricio;01/06/2016
Portugal;Portugal;Port Mathurin, Rodrigues I. ;Mauritius;Mauricio;01/06/2016
Congo;Congo;;Congo;Congo;01/05/2012
Congo;Congo;;Congo;Congo;01/05/2012
Congo;Congo;;Congo;Congo;01/05/2012
Iran;Irán;Ardakan - Irán;Iran;Irán;01/09/2011
Spain;España;Velilla de Valderaduey, León - España;Spain;España;
Spain;España;Lanzarote - España;Spain;España;01/10/2011
Argentina;Argentina;La Paz - Bolivia;Bolivia;Bolivia;01/07/2012
Argentina;Argentina;La Paz - Bolivia;Bolivia;Bolivia;01/07/2012
Argentina;Argentina;Río de Janeiro - Brasil;Brazil;Brasil;01/07/2012
Spain;España;Cuzco - Perú                           ;Peru;Perú;01/10/2016
Spain;España;Cuzco - Perú                           ;Peru;Perú;01/10/2016
Spain;España;Cuzco - Perú                           ;Peru;Perú;01/11/2016
Spain;España;Ouagadougou - Burkina Faso;Burkina Faso;Burkina Faso;01/04/2011
Indonesia;Indonesia;Pluit, Jakarta - Indonesia;Indonesia;Indonesia;01/01/2016
Indonesia;Indonesia;Tanjung Priok, Jakarta - Indonesia;Indonesia;Indonesia;01/06/2016
Indonesia;Indonesia;Jakarta - Indonesia;Indonesia;Indonesia;01/01/2016
Spain;España;Desierto de Mojave - USA;USA;USA;2016
Spain;España;Colombo - Sri Lanka;Sri Lanka;Sri Lanka;2014
Spain;España;Colombo - Sri Lanka;Sri Lanka;Sri Lanka;2014
Turkey;Turquía;Yenibosna, Istanbul - Turquía;Turkey;Turquía;01/03/2017
Turkey;Turquía;Zincirlikuyu, Istanbul - Turquía;Turkey;Turquía;01/03/2017
Spain;España;Villas Flotantes Bahía de Halong - Vietnam;Vietnam;Vietnam;01/08/2016
Spain;España;Moratalaz, Madrid - España;Spain;España;
Spain;España;Barcelona - España;Spain;España;01/12/2016
Spain;España;Guadalajara - España;Spain;España;01/02/2016
Colombia;Colombia;Ciudad Santiago de Cali - Colombia;Colombia;Colombia;17/03/2017
Colombia;Colombia;Ciudad Santiago de Cali - Colombia;Colombia;Colombia;17/03/2017
Colombia;Colombia;Ciudad Santiago de Cali - Colombia;Colombia;Colombia;17/03/2017
Spain;España;Kibera, Nairobi - Kenia;Kenya;Kenia;22/04/2016
Spain;España;Kibera, Nairobi - Kenia;Kenya;Kenia;22/08/2016
Spain;España;Kibera, Nairobi - Kenia;Kenya;Kenia;22/09/2016
USA;USA;West bank, near ein el-sultan camp - Palestina;Palestine;Palestina;01/07/2011
Malaysia;Malasia;Khan Younis - Gaza;Gaza;Gaza;01/01/2013
Austria;Austria;Río de Janeiro - Brasil;Brazil;Brasil;01/09/2015
Austria;Austria;Jakarta - Indonesia;Indonesia;Indonesia;01/09/2014
Austria;Austria;Jakarta - Indonesia;Indonesia;Indonesia;01/09/2014
Spain;España;Camas - España;Spain;España;01/08/2013
Spain;España;El Jebha - Marruecos;Morocco;Marruecos;01/10/2013
Spain;España;El Jebha - Marruecos;Morocco;Marruecos;01/10/2013
France;Francia;La Ensenada, Lima - Perú;Peru;Perú;01/03/2017
France;Francia;La Ensenada, Lima - Perú;Peru;Perú;01/03/2017
France;Francia;La Ensenada, Lima - Perú;Peru;Perú;01/03/2017
Lithuania;Lituania;Kathmandu - Nepal;Nepal;Nepal;22/09/2016
Lithuania;Lituania;Kathmandu - Nepal;Nepal;Nepal;22/09/2016
Lithuania;Lituania;Kathmandu - Nepal;Nepal;Nepal;22/09/2016
Turkey;Turquía;Princess Island - Turquía;Turkey;Turquía;01/10/2015
Venezuela;Venezuela;Alto Caura, Selva Amazónica - Venezuela;Venezuela;Venezuela;01/01/2017
Italy;Italia;Ex Villaggio Coppola, Castel Volturno, Napoli, Italy ;Italy;Italia;01/06/2016
Italy;Italia;Ex Villaggio Coppola, Castel Volturno, Napoli, Italy ;Italy;Italia;01/06/2016
Italy;Italia;Ex Villaggio Coppola, Castel Volturno, Napoli, Italy ;Italy;Italia;01/06/2016
Turkey;Turquía;Pergamon, İzmir - Turquía;Turkey;Turquía;10/02/2017
Turkey;Turquía;Karabük - Turquía;Turkey;Turquía;10/02/2015
Turkey;Turquía;Pergamon, İzmir - Turquía;Turkey;Turquía;10/02/2017
USA;USA;San Juan Del Sur - Nicaragua;Nicaragua;Nicaragua;01/12/2016
USA;USA;Islatas de Granada - Nicaragua;Nicaragua;Nicaragua;01/12/2016
USA;USA;Rivas - Nicaragua;Nicaragua;Nicaragua;01/12/2016
Spain;España;La Paz - Bolivia;Bolivia;Bolivia;01/12/2015
Spain;España;Bogotá - Colombia;Colombia;Colombia;01/02/2016
Spain;España;Puerto Maldonado - Perú;Peru;Perú;01/10/2015
India;India;Top of Jaisalmer fort - India;India;India;01/01/2014
India;India;Top of Jodhpur fort - India;India;India;01/01/2014
India;India;Jaisalmer City - India;India;India;01/01/2014
Peru;Perú ;Estacion La Cultura  - Metro de Lima.;Peru;Perú;01/03/2017
Venezuela;Venezuela;Alto Caura, Selva Amazonica;Venezuela;Venezuela;01/01/2017
Venezuela;Venezuela;Parque Nacional Sarisariñama, Estado Bolivar;Venezuela;Venezuela;01/01/2017
Turkey;Turquía;Kocaeli, Turquía ;Turkey;Turquía;01/12/2016
Turkey;Turquía;Kocaeli, Turquía ;Turkey;Turquía;01/02/2016
Turkey;Turquía;Bursa, Turquía ;Turkey;Turquía;01/08/2016
France;Francia;Rwanda;Rwanda;Ruanda;10/02/2017
France;Francia;Rwanda;Rwanda;Ruanda;01/03/2017
France;Francia;Rwanda;Rwanda;Ruanda;01/03/2017
El salvador;El salvador;Ciudad Delgado, El Salvador ;El salvador;El salvador;01/03/2017
El salvador;El salvador;Ciudad Delgado, El Salvador ;El salvador;El salvador;01/03/2017
El salvador;El salvador;Ciudad Delgado, El Salvador ;El salvador;El salvador;01/03/2017
Spain;España;Puerto principe - Haití;Haiti;Haití;01/12/2016
Spain;España;Santo Domingo - República Dominicana;Dominican Republic;República Dominicana;01/12/2016
Spain;España;Puerto principe - Haití;Haiti;Haití;01/12/2016
Spain;España;Minas de cuero, Marruecos;Morocco;Marruecos;01/05/2015
Spain;España;Minas de cuero, Marruecos;Morocco;Marruecos;01/05/2015
Spain;España;Panamá;Panama;Panamá;01/07/2015
Mexico;México;Mérida, Yucatán ;Mexico;México;01/03/2017
Mexico;México;Mérida, Yucatán ;Mexico;México;01/03/2017
Mexico;México;Mérida, Yucatán ;Mexico;México;01/03/2017
Spain;España;Ibiza, España;Spain;España;01/03/2017
Spain;España;Ibiza, España;Spain;España;01/03/2017
Spain;España;Ibiza, España;Spain;España;01/03/2017
Argentina;Argentina;Valparaíso, Chile.;Chile;Chile;01/03/2017
Argentina;Argentina;Valparaíso, Chile.;Chile;Chile;01/03/2017
Argentina;Argentina;Valparaíso, Chile.;Chile;Chile;01/03/2017
Portugal;Portugal;Luanda, Angola;Angola;Angola;01/07/2014
Argentina;Argentina;Calascibetta, Enna, Italia ;Italy;Italia;22/09/2012
Argentina;Argentina;Santa Fe, Argentina;Argentina;Argentina;01/12/2015
Spain;España;Bangkok tailandia;Thailand;Tailandia;01/01/2014
Spain;España;Bangkok tailandia;Thailand;Tailandia;01/01/2014
Spain;España;Nueva Delhi - India;India;India;01/02/2010
Spain;España;Cercanías a Plaza de Mayo, Buenos Aires - Argentina;Argentina;Argentina;09/07/2016
Spain;España;Cercanías a Plaza de Mayo, Buenos Aires - Argentina;Argentina;Argentina;09/07/2016
Spain;España;Cercanías a Plaza de Mayo, Buenos Aires - Argentina;Argentina;Argentina;09/07/2016
Finland;Finlandia;San Antonio Palopo - Guatemala;Guatemala;Guatemala;01/03/2017
Finland;Finlandia;San Antonio Palopo - Guatemala;Guatemala;Guatemala;01/03/2017
Finland;Finlandia;San Antonio Palopo - Guatemala;Guatemala;Guatemala;01/03/2017
China;China;Beijing - China;China;China;24/06/2015
China;China;Florencia - Italia;Italy;Italia;01/08/2016
China;China;Guizhou - China;China;China;01/09/2016
Spain;España;Cañada Real Galiana, Madrid - España;Spain;España;01/03/2016
Spain;España;Cañada Real Galiana, Madrid - España;Spain;España;01/03/2016
Spain;España;Cañada Real Galiana, Madrid - España;Spain;España;01/03/2016
Vietnam ;Vietnam ;South lake, Hanoi ;Vietnam;Vietnam;01/07/2015
Vietnam ;Vietnam ;D site, Hanoi;Vietnam;Vietnam;01/07/2015
Vietnam ;Vietnam ;Van phuc urban area, Hanoi ;Vietnam;Vietnam;01/07/2015
Spain;España;Parque Coimbra, río Guadarrama, Móstoles ;Spain;España;19/03/2017
Spain;España;Parque Coimbra, río Guadarrama, Móstoles ;Spain;España;19/03/2017
Spain;España;Parque Coimbra, río Guadarrama, Móstoles ;Spain;España;19/03/2017
Spain;España;Santa Cruz de Tenerife - España;Spain;España;19/03/2017
Spain;España;Santa Cruz de Tenerife - España;Spain;España;19/03/2017
Spain;España;Santa Cruz de Tenerife - España;Spain;España;19/03/2017
Argentina;Argentina;Udaipur city, Rajasthan - India;India;India;01/01/2012
Argentina;Argentina;Mumbai - India;India;India;01/01/2012
Argentina;Argentina;Kathmandú - Nepal;Nepal;Nepal;01/01/2012
Turkey;Turquía;Kumkapi, Istanbul - Turquía;Turkey;Turquía;15/03/2017
Turkey;Turquía;Kumkapi, Istanbul - Turquía;Turkey;Turquía;15/03/2017
Argentina;Argentina;Río de Janeiro - Brasil ;Brazil;Brasil;09/02/2017
Argentina;Argentina;Castro, Chiloe - Chile;Chile;Chile;28/01/2015
Argentina;Argentina;San Pedro de Atacama - Chile;Chile;Chile;30/12/2014
Portugal;Portugal;Ait Ben Haddou - Marruecos;Morocco;Marruecos;27/02/2017
Portugal;Portugal;Fez - Marruecos;Morocco;Marruecos;16/02/2010
Portugal;Portugal;Tinghir - Marruecos;Morocco;Marruecos;27/02/2017
Argentina;Argentina;Cabo de la Vela, Península de la Guajira - Colombia;Colombia;Colombia;01/09/2015
Argentina;Argentina;Tilcara, Jujuy - Argentina;Argentina;Argentina;01/02/2015
Argentina;Argentina;Valizas, Departamento de Rocha - Uruguay;Uruguay;Uruguay;01/03/2016
Argentina;Argentina;Barrio Agustoni, Buenos Aires, Argentina;Argentina;Argentina;11/03/2017
Argentina;Argentina;Barrio Agustoni, Buenos Aires, Argentina;Argentina;Argentina;24/05/2015
Argentina;Argentina;Barrio Agustoni, Buenos Aires, Argentina;Argentina;Argentina;11/03/2017
Peru;Perú ;Cerro El Agustino, Lima - Perú;Peru;Perú;04/05/2012
Peru;Perú ;Ciudad de Belén, Iquitos - Perú;Peru;Perú;15/03/2014
Peru;Perú ;Ciudad de Belén, Iquitos - Perú;Peru;Perú;21/12/2014
Colombia;Colombia;Turbo, Antioquia, Colombia;Colombia;Colombia;09/09/2016
Colombia;Colombia;Turbo, Antioquia, Colombia;Colombia;Colombia;09/09/2016
Turkey;Turquía;Istanbul - Turquía;Turkey;Turquía;01/02/2011
Turkey;Turquía;Istanbul - Turquía;Turkey;Turquía;01/03/2011
Turkey;Turquía;Ankara - Turquía;Turkey;Turquía;01/12/2011
Turkey;Turquía;Siemreap - Camboya;Cambodia;Camboya;01/08/2015
Turkey;Turquía;Siemreap - Camboya;Cambodia;Camboya;01/08/2015
Turkey;Turquía;Siemreap - Camboya;Cambodia;Camboya;01/08/2015
Spain;España;Bocachica - Rep. Dominicana;Dominican Republic;República Dominicana;20/02/2014
Spain;España;Bocachica - Rep. Dominicana;Dominican Republic;República Dominicana;20/02/2014
Spain;España;Bocachica - Rep. Dominicana;Dominican Republic;República Dominicana;20/02/2014
Portugal;Portugal;Arredores da cidade Huambo - Angola;Angola;Angola;29/11/2010
Portugal;Portugal;Arredores da cidade Lobito - Angola;Angola;Angola;01/12/2010
Portugal;Portugal;Luanda - Angola;Angola;Angola;03/12/2010
Spain;España;Fez - Marruecos;Morocco;Marruecos;01/12/2016
Spain;España;Iquitos - Perú ;Peru;Perú;01/03/2015
Spain;España;Fez - Marruecos ;Morocco;Marruecos;01/12/2016
Italy;Italia;Sarajevo - Bosnia Herzegovina;Bosnia Herzegovina;Bosnia Herzegovina;01/08/2012
Italy;Italia;Sarajevo - Bosnia Herzegovina;Bosnia Herzegovina;Bosnia Herzegovina;01/08/2012
Italy;Italia;Sarajevo - Bosnia Herzegovina;Bosnia Herzegovina;Bosnia Herzegovina;01/08/2012
Italy;Italia;Alessandrino district, Rome - Italia;Italy;Italia;01/03/2017
Italy;Italia;Alessandrino district, Rome - Italia;Italy;Italia;01/03/2017
Italy;Italia;Alessandrino district, Rome - Italia;Italy;Italia;01/03/2017
Georgia;Georgia;Tiflis ;Georgia;Georgia;2013
Georgia;Georgia;Tiflis ;Georgia;Georgia;2013
Georgia;Georgia;Tiflis ;Georgia;Georgia;2014
Brazil;Brasil;Barra Funda, São Paulo ;Brazil;Brasil;2016
Brazil;Brasil;Barra Funda, São Paulo ;Brazil;Brasil;2016
Brazil;Brasil;Barra Funda, São Paulo ;Brazil;Brasil;2016
Guatemala;Guatemala;Reserva Natural Saquiché San Andrés Semetabaj;Guatemala;Guatemala;12/09/2012
Guatemala;Guatemala;San Antonio Palopó ;Guatemala;Guatemala;01/08/2013
Guatemala;Guatemala;Reserva Natural Saquiché San Andrés Semetabaj - Guatemala;Guatemala;Guatemala;07/07/2010
Portugal;Portugal;Mercado do Bolhão, Porto ;Portugal;Portugal;09/09/2016
Portugal;Portugal;Mercado do Bolhão, Porto ;Portugal;Portugal;09/09/2016
Portugal;Portugal;Salinas de Aveiro ;Portugal;Portugal;01/03/2017
Spain;España;Madrid ;Spain;España;17/09/2013
Spain;España;Barcelona ;Spain;España;10/10/2010
Spain;España;Barcelona ;Spain;España;10/10/2010
Mexico;México;Comunidad de la Ermita, Ejutla de Crespo Oaxaca, México;Mexico;México;04/10/2016
Mexico;México;Comunidad de la Ermita, Ejutla de Crespo Oaxaca, México;Mexico;México;04/10/2016
Mexico;México;Comunidad de la Ermita, Ejutla de Crespo Oaxaca, México;Mexico;México;04/10/2016
Spain;España;Bou Taghrar-Alemdoune, Valle del Mgoun;Morocco;Marruecos;04/11/2016
Spain;España;Agdz- Tamallakout ;Morocco;Marruecos;04/11/2016
Spain;España;Agdz- Tamallakout;Morocco;Marruecos;04/11/2016
Spain;España;Honquilana, Ávila ;Spain;España;01/12/2010
Spain;España;Honquilana, Ávila ;Spain;España;01/12/2010
Spain;España;Honquilana, Ávila ;Spain;España;01/12/2010
Colombia;Colombia;Guajira;Colombia;Colombia;20/01/2016
Colombia;Colombia;Guajira;Colombia;Colombia;20/01/2016
Colombia;Colombia;Guajira;Colombia;Colombia;20/01/2016
Brazil;Brasil;Park Cravinhos, São Paulo ;Brazil;Brasil;09/06/2009
Mexico;México;Naucalpan centro, Naucálpan de Juárez ;Mexico;México;22/03/2017
Mexico;México;U.H el Tenayo, Tlalnepantla ;Mexico;México;19/03/2017
Mexico;México;Naucalpan centro, Naucálpan de Juárez;Mexico;México;22/03/2017
Switzerland;Suiza;La Paz ;Bolivia;Bolivia;01/08/2013
Chile;Chile;Villa Cerro Castillo, Coyhaique. Región de Aysén;Chile;Chile;07/02/2017
Italy;Italia;Jaipur, Rajasthan;India;India;22/01/2017
Austria;Austria;Estero de San Miguel, Manila ;Philippines;Filipinas;01/02/2012
Austria;Austria;Manila ;Philippines;Filipinas;01/02/2012
Austria;Austria;San Pedro ;Philippines;Filipinas;01/02/2012
Spain;España;Burkina Faso ;Burkina Faso;Burkina Faso;01/08/2016
Spain;España;Burkina Faso ;Burkina Faso;Burkina Faso;01/08/2016
Spain;España;Burkina Faso ;Burkina Faso;Burkina Faso;01/08/2016
Spain;España;Costa Rica;Costa Rica;Costa Rica;29/08/2016
Brazil;Brasil;Radial Leste Avenue, São Paulo;Brazil;Brasil;19/03/2017
Brazil;Brasil;Radial Leste Avenue, São Paulo ;Brazil;Brasil;19/03/2017
Brazil;Brasil;Radial Leste Avenue, São Paulo;Brazil;Brasil;19/03/2017
Peru;Perú ;Cusco ;Peru;Perú;23/02/2015
Colombia;Colombia;Estación de tren abandonada de Timba, Valle del Cauca;Colombia;Colombia;06/02/2017
Argentina;Argentina;Región de Tarapacá ;Chile;Chile;01/12/2016
Argentina;Argentina;Desierto de Atacama;Chile;Chile;01/01/2017
Argentina;Argentina;Región de Tarapacá ;Chile;Chile;01/12/2016
Peru;Perú ;Villa El Salvador, Lima;Peru;Perú;01/11/2015
Peru;Perú ;Villa El Salvador, Lima;Peru;Perú;01/11/2015
Peru;Perú ;Villa El Salvador, Lima;Peru;Perú;01/11/2015
Mexico;México;Ciudad de México;Mexico;México;2010
Mexico;México;Ciudad de México;Mexico;México;2010
Mexico;México;Ciudad de México;Mexico;México;2010
India;India;Lakkundi village, North Karnataka;India;India;01/02/2017
India;India;Lakkundi village, North Karnataka;India;India;01/02/2017
India;India;Lakkundi village, North Karnataka;India;India;01/02/2017
Italy;Italia;Kigeme Refugee Camp;Rwanda;Ruanda;01/03/2016
Italy;Italia;Kigeme Refugee Camp;Rwanda;Ruanda;01/03/2016
Italy;Italia;Kigeme Refugee Camp;Rwanda;Ruanda;01/03/2016
Colombia;Colombia;Tupiza;Bolivia;Bolivia;01/11/2015
Greece;Grecia;Mataderos, Buenos Aires;Argentina;Argentina;01/05/2015
Greece;Grecia;Mataderos, Buenos Aires;Argentina;Argentina;01/05/2015
Greece;Grecia;Mataderos, Buenos Aires;Argentina;Argentina;01/05/2015
Spain;España;Guet N'Dar, Saint-Louis;Senegal;Senegal;01/01/2017
Spain;España;Addis Abeba;Ethiopia;Etiopía;01/06/2014
Spain;España;Kigwena;Burundi;Burundi;01/06/2014
Spain;España;Madrid ;Spain;España;01/02/2017
Spain;España;Jembesse;Mozambique;Mozambique;01/08/2013
Spain;España;Ilha de Moçambique;Mozambique;Mozambique;01/08/2013
Spain;España;Anantapur, Andhra Pradesh;India;India;01/03/2017
Spain;España;Kuderu, Andhra Pradesh;India;India;01/03/2017
Colombia;Colombia;Fenicia, Riofrío. Valle del Cauca;Colombia;Colombia;01/06/2013
Colombia;Colombia;Fenicia, Riofrío. Valle del Cauca;Colombia;Colombia;01/06/2013
Colombia;Colombia;Andinápolis, Trujillo. Valle del Cauca;Colombia;Colombia;01/04/2013
Taiwan;Taiwán;Kenya ;Kenya;Kenia;01/09/2016
Taiwan;Taiwán;Kenya ;Kenya;Kenia;01/09/2016
Taiwan;Taiwán;Kenya ;Kenya;Kenia;01/09/2016
Colombia;Colombia;Barrio Ricardo Balcázar, Valle del Cauca;Colombia ;Colombia ;27/04/2010
Colombia;Colombia;Barrio Ricardo Balcázar, Valle del Cauca;Colombia ;Colombia ;27/04/2010
Colombia;Colombia;Barrio Ricardo Balcázar, Valle del Cauca;Colombia ;Colombia ;27/04/2010
Spain;España;Lima;Peru;Perú;11/10/2015
Peru;Perú ;Santa Ana, Cusco ;Peru;Perú;05/07/2014
Peru;Perú ;Cusco ;Peru;Perú;11/03/2015
Argentina;Argentina;Buenos Aires ;Argentina;Argentina;23/03/2017
Argentina;Argentina;Buenos Aires ;Argentina;Argentina;23/03/2017
Argentina;Argentina;Buenos Aires ;Argentina;Argentina;23/03/2017
Spain;España;Varanasi;India;India;01/08/2016
Spain;España;Varanasi;India;India;01/08/2016
Spain;España;Varanasi;India;India;01/08/2016
Bulgaria;Bulgaria;Gorno Lukovo;Bulgaria;Bulgaria;01/07/2015
Bulgaria;Bulgaria;Gorno Lukovo;Bulgaria;Bulgaria;01/07/2015
Bulgaria;Bulgaria;Gorno Lukovo;Bulgaria;Bulgaria;01/07/2015
Spain;España;Salvador de Bahía;Brazil;Brasil;01/07/2015
Spain;España;Salvador de Bahía;Brazil;Brasil;01/07/2015
Portugal;Portugal;Jardim Gramacho, Río de Janeiro ;Brazil;Brasil;2015
Portugal;Portugal;Jardim Gramacho, Río de Janeiro ;Brazil;Brasil;2015
Portugal;Portugal;Jardim Gramacho, Río de Janeiro ;Brazil;Brasil;2015
Brazil;Brasil;Morro do Vidigal, Río de Janeiro;Brazil;Brasil;2013
Brazil;Brasil;Morro do Vidigal, Río de Janeiro;Brazil;Brasil;2013
Brazil;Brasil;Morro Santo Amaro, Río de Janeiro;Brazil;Brasil;2017
Brazil;Brasil;Pinhais;Brazil;Brasil;23/03/2017
Brazil;Brasil;Pinhais;Brazil;Brasil;23/03/2017
Brazil;Brasil;Pinhais;Brazil;Brasil;23/03/2017
Spain;España;Chaungtha;Myanmar;Birmania;01/09/2012
Spain;España;Tatasomba;Benin;Benín;01/09/2014
Italy;Italia;Guayaquil ;Ecuador;Ecuador;12/07/2015
Italy;Italia;Guayaquil ;Ecuador;Ecuador;19/07/2015
Italy;Italia;Chamanga;Ecuador;Ecuador;21/08/2016
Spain;España;Río de Janeiro ;Brazil;Brasil;2014
Spain;España;Hebrón;West Bank;Cisjordania;2012
Spain;España;Medellín;Colombia;Colombia;2016
Turkey;Turquía;Mavişehir, Izmir;Turkey;Turquía;23/03/2017
Turkey;Turquía;Mavişehir, Izmir;Turkey;Turquía;23/03/2017
Bolivia;Bolivia;Valle de Cinti - Camargo, Chuquisaca ;Bolivia;Bolivia;01/04/2015
Bolivia;Bolivia;Valle de Cinti - Camargo, Chuquisaca ;Bolivia;Bolivia;01/08/2015
Bolivia;Bolivia;Cercado - San Andrés , Tarija;Bolivia;Bolivia;01/07/2016
Turkey;Turquía;Ceske Budejovice;Czech Republic;República Checa;01/02/2016
Turkey;Turquía;Bremen;Germany;Alemania;01/04/2016
Turkey;Turquía;Budapest;Hungary;Hungría;01/05/2016
Argentina;Argentina;Villa Urquiza;Argentina;Argentina;23/03/2017
Argentina;Argentina;Villa Urquiza;Argentina;Argentina;23/03/2017
Italy;Italia;Mathare Slum. Nairobi ;Kenya;Kenia;01/08/2011
Italy;Italia;Mathare Slum. Nairobi ;Kenya;Kenia;01/08/2011
Italy;Italia;Mathare Slum. Nairobi ;Kenya;Kenia;01/08/2011
Spain;España;Mumbai ;India;India;01/09/2015
Spain;España;Mumbai ;India;India;01/09/2015
Spain;España;Mumbai ;India;India;01/09/2015
Spain;España;La Paz ;Bolivia;Bolivia;25/03/2016
Spain;España;Tinejdad;Morocco;Marruecos;01/09/2011
Brazil;Brasil;;Brazil;Brasil;
Brazil;Brasil;;Brazil;Brasil;
Brazil;Brasil;;Brazil;Brasil;
Spain;España;Siem Reap;Cambodia;Camboya;22/07/2015
Spain;España;Can Tho;Vietnam;Vietnam;22/07/2015
Spain;España;Siem Reap;Cambodia;Camboya;22/07/2015
Spain;España;Cerro de San Cosme, Lima;Peru;Perú;23/10/2012
Spain;España;Lomas de Carabayllo, Lima;Peru;Perú;11/11/2012
Spain;España;Punta Negra, Lima;Peru;Perú;02/10/2012
Italy;Italia;Kinsasa;DR Congo;RD Congo;2015
Italy;Italia;Kinsasa;DR Congo;RD Congo;2015
Italy;Italia;Kinsasa;DR Congo;RD Congo;2015
Mexico;México;Ecatepec de Morelos;Mexico;México;23/03/2017
Mexico;México;Ecatepec de Morelos;Mexico;México;23/03/2017
Mexico;México;Ecatepec de Morelos;Mexico;México;23/03/2017
Bolivia;Bolivia;La Paz;Bolivia;Bolivia;23/03/2017
Bolivia;Bolivia;La Paz;Bolivia;Bolivia;23/03/2017
Bolivia;Bolivia;La Paz;Bolivia;Bolivia;23/03/2017
India;India;Pushkar, Rajathan;India;India;12/11/2011
India;India;Jaisalmer, Rajasthan;India;India;11/02/2016
India;India;Ahmedabad;India;India;02/02/2014
Venezuela;Venezuela;La Habana;Cuba;Cuba;01/12/2016
India;India; Mumbai;India;India;23/03/2017
India;India; Mumbai;India;India;23/03/2017
India;India; Mumbai;India;India;23/03/2017
Turkey;Turquía;Harrán, Sanliurfa;Turkey;Turquía;
Turkey;Turquía;Taskale, Karaman;Turkey;Turquía;
Turkey;Turquía;Taskale, Karaman;Turkey;Turquía;
Mexico;México;Michoacán;Mexico;México;01/01/2015
Mexico;México;Michoacán;Mexico;México;01/01/2015
Mexico;México;Michoacán;Mexico;México;01/01/2015
Mexico;México;Tonalá Jalisco;Mexico;México;2013
Bulgaria;Bulgaria;Matera;Italy;Italia;01/02/2016
Mexico;México;Iztapalapa, Ciudad de México;Mexico;México;11/02/2017
Mexico;México;Metro Pantitlan, Ciudad de México;Mexico;México;11/02/2017
Mexico;México;Chimalhuacán, Ciudad de México;Mexico;México;21/04/2015
Spain;España;Cádiz;Spain;España;2016
Spain;España;Cádiz;Spain;España;2016
Spain;España;Cádiz;Spain;España;2016
Germany;Alemania;El desierto del Namib;Namibia;Namibia;21/04/2014
Germany;Alemania;Ciudad del Cabo;South Africa;Sudáfrica;21/05/2014
Germany;Alemania;Antofagasta;Chile;Chile;26/11/2016
Spain;España;Ciudad Les Cayes;Haiti;Haití;11/01/2017
Spain;España;Tiburón, Región de Cayes;Haiti;Haití;11/01/2017
Spain;España;Pueblo de la región de Cayes;Haiti;Haití;11/01/2017
Spain;España;Bangkok;Thailand;Tailandia;23/03/2017
Spain;España;Bangkok;Thailand;Tailandia;23/03/2017
Spain;España;Bangkok;Thailand;Tailandia;23/03/2017
Spain;España;Rehoboth;Namibia;Namibia;22/07/2017
Spain;España;Epupa Falls;Namibia;Namibia;22/07/2017
Turkey;Turquía;Seferihisar,  İzmir;Turkey;Turquía;01/09/2016
Turkey;Turquía;Tire, İzmir;Turkey;Turquía;01/08/2016
Turkey;Turquía;Venecia;Italy;Italia;01/07/2015
Turkey;Turquía;Ankara, Ulus;Turkey;Turquía;22/02/2017
Italy;Italia;Pokhara;Nepal;Nepal;01/01/2016
Italy;Italia;Sankhu;Nepal;Nepal;01/01/2016
Italy;Italia;Patan;Nepal;Nepal;01/01/2016
Italy;Italia;Nardò, Puglia ;Italy;Italia;01/05/2016
Italy;Italia;Nardò, Puglia ;Italy;Italia;01/05/2016
Italy;Italia;Nardò, Puglia ;Italy;Italia;01/05/2016
Italy;Italia;Port-au-Prince;Haiti;Haití;01/08/2016
Spain;España;;Vietnam;Vietnam;22/02/2017
Spain;España;valle de la Bekaá;Lebanon;Líbano;01/06/2016
Spain;España;Ciudad de Kilkis, Central Macedonia;Greece;Grecia;01/05/2016
Spain;España;Shatila, Beirut;Lebanon;Líbano;01/06/2016
Spain;España;Valencia;Spain;España;22/02/2017
Spain;España;Chimanimani;Zimbabwe;Zimbabwe;01/08/2014
Spain;España;;Morocco;Marruecos;2012
Spain;España;;Morocco;Marruecos;2012
Spain;España;;Morocco;Marruecos;2012
Venezuela;Venezuela;Caracas;Venezuela;Venezuela;23/03/2017
Venezuela;Venezuela;Caracas;Venezuela;Venezuela;23/03/2017
Venezuela;Venezuela;Caracas;Venezuela;Venezuela;23/03/2017
Austria;Austria;Ciudadela Sucre, Soacha;Colombia;Colombia;01/11/2014
Austria;Austria;Ciudadela Sucre, Soacha;Colombia;Colombia;01/11/2014
Spain;España;Soweto;South Africa;Sudáfrica;01/10/2016
Spain;España;Johannesburgo;South Africa;Sudáfrica;01/11/2012
Spain;España;Johannesburgo;South Africa;Sudáfrica;01/10/2016
Spain;España;Sevilla;Spain;España;
Spain;España;Sevilla;Spain;España;
Spain;España;Sevilla;Spain;España;
Spain;España;Morón;Mongolia;Mongolia;2016
Spain;España;Tsagaan nur;Mongolia;Mongolia;2016
Spain;España;Tribu Tsaatan;Mongolia;Mongolia;2016
Albania;Albania;Tirane(Kashar) ;Albania;Albania;23/03/2017
Albania;Albania;Tirane(Kashar) ;Albania;Albania;23/03/2017
Albania;Albania;Tirane(Kashar) ;Albania;Albania;23/03/2017
Spain;España;Santiago de Compostela;Spain;España;23/03/2017
Spain;España;Santiago de Compostela;Spain;España;23/03/2017
Spain;España;Santiago de Compostela;Spain;España;23/03/2017
Bolivia;Bolivia;Cotahuma, La paz;Bolivia;Bolivia;23/03/2017
Bolivia;Bolivia;Cotahuma, La paz;Bolivia;Bolivia;01/08/2012
Bolivia;Bolivia;Alto Tejar ,La Paz;Bolivia;Bolivia;01/05/2010
Spain;España;Hanoi;Vietnam;Vietnam;01/12/2015
Spain;España;Hidalgo;Mexico;México;01/06/2015
Spain;España;Hidalgo;Mexico;México;01/06/2015
Spain;España;Hidalgo;Mexico;México;01/06/2015
Turkey;Turquía;Kuştepe / İstanbul;Turkey;Turquía;
Spain;España;Chittorgarh ;India;India;
Spain;España;Chittorgarh ;India;India;
Spain;España;Jodhpur;India;India;
Colombia;Colombia;Tierra bomba, Cartagena de Indias;Colombia;Colombia;01/02/2010
Colombia;Colombia;Tierra bomba, Cartagena de Indias;Colombia;Colombia;01/02/2010
Colombia;Colombia;Tierra bomba, Cartagena de Indias;Colombia;Colombia;01/02/2010
Colombia;Colombia;Cali ;Colombia;Colombia;01/07/2016
Colombia;Colombia;Cali ;Colombia;Colombia;01/07/2016
Colombia;Colombia;Cali ;Colombia;Colombia;01/07/2016
Italy;Italia;Mumbai;India;India;01/08/2015
Italy;Italia;Nairobi ;Kenya;Kenia;01/09/2014
Italy;Italia;Nairobi ;Kenya;Kenia;01/09/2014
Mexico;México;Pushkar, Rajasthan;India;India;01/03/2014
Mexico;México;Pushkar, Rajasthan;India;India;01/03/2014
Mexico;México;Pushkar, Rajasthan;India;India;01/03/2014
Italy;Italia;Salvador;Brazil;Brasil;01/05/2016
Italy;Italia;Lauro de Freitas;Brazil;Brasil;01/08/2016
Italy;Italia;Rio de Janeiro;Brazil;Brasil;01/08/2016
Italy;Italia;Atenas;Greece;Grecia;01/08/2015
Italy;Italia;Lomè;Togo;Togo;01/09/2015
Spain;España;Hanoi;Vietnam;Vietnam;01/01/2017
Spain;España;Manila ;Philippines;Filipinas;01/01/2017
Spain;España;Hong Kong;China;China;01/01/2017
Colombia;Colombia;Fort Lauderdale;Haiti;Haití;
Colombia;Colombia;Fort Lauderdale;Haiti;Haití;
Colombia;Colombia;Fort Lauderdale;Haiti;Haití;
;;La Habana;Cuba;Cuba;01/10/2016
;;La Habana;Cuba;Cuba;01/10/2016
Sweden;Suecia;Dharavi, Mumbai;India;India;2014
Sweden;Suecia;Dharavi, Mumbai;India;India;2014
Sweden;Suecia;Dharavi, Mumbai;India;India;2014
Spain;España;Mumbai ;India;India;01/12/2016
Spain;España;Mumbai ;India;India;01/12/2016
Spain;España;Mumbai ;India;India;01/12/2016
USA;USA;Ciudad del Cabo;South Africa;Sudáfrica;01/11/2012
USA;USA;Johannesburgo;South Africa;Sudáfrica;01/11/2012
USA;USA;Ciudad del cabo;South Africa;Sudáfrica;01/11/2012
Argentina;Argentina;Merzouga;Mexico;México;01/01/2017
Argentina;Argentina;Merzouga;Mexico;México;01/01/2017
Italy;Italia;El Cairo;Egypt;Egipto;2012
Italy;Italia;El Cairo;Egypt;Egipto;2012
Italy;Italia;El Cairo;Egypt;Egipto;2012
Spain;España;La Argentina, Huila;Colombia;Colombia;14/02/2017
Spain;España;Soacha, Cundinamarca ;Colombia;Colombia;26/02/2017
Iran;Irán;Accra ;Ghana;Ghana;12/09/2016
Iran;Irán;Accra ;Ghana;Ghana;12/09/2016
Iran;Irán;Accra ;Ghana;Ghana;12/09/2016
Spain;España;Malabo. Bioko;Equatorial Guinea ;Guinea Ecuatorial;06/08/2016
Spain;España;Malabo. Bioko;Equatorial Guinea ;Guinea Ecuatorial;28/07/2015
Spain;España;Malabo. Bioko;Equatorial Guinea ;Guinea Ecuatorial;11/07/2015
Argentina;Argentina;The Hamptons, Nueva York;USA;USA;24/07/2016
Brazil;Brasil;Sao Paulo;Brazil;Brasil;30/04/2016
Brazil;Brasil;Outskirts of Alcântara, State of Maranhão;Brazil;Brasil;23/01/2016
Brazil;Brasil;Slum Stilts in São Luís, State of Maranhão;Brazil;Brasil;23/01/2016
Brazil;Brasil;Vila Lulu, a slum in Belém, State of Pará;Brazil;Brasil;07/01/2016
Brazil;Brasil;Made in a favela in the city of Campo Largo;Brazil;Brasil;05/06/2011
Indonesia;Indonesia;Yogyakarta;Indonesia;Indonesia;24/11/2013
Indonesia;Indonesia;Yogyakarta;Indonesia;Indonesia;24/11/2013
Indonesia;Indonesia;Yogyakarta;Indonesia;Indonesia;01/01/2012
Spain;España;Majimoto, Arusha ;Tanzania;Tanzania;09/03/2017
Spain;España;Majimoto, Arusha ;Tanzania;Tanzania;31/08/2016
Bolivia;Bolivia;Santa Cruz, Mercado Abasto;Bolivia;Bolivia;21/03/2017
Bolivia;Bolivia;Santa Cruz, Avenida Cañoto. La Ramada;Bolivia;Bolivia;21/03/2017
Bolivia;Bolivia;Santa Cruz, Mercado Abasto. Avenida Pirai;Bolivia;Bolivia;21/03/2017
Cuba;Cuba;La Habana;Cuba;Cuba;31/12/2016
Cuba;Cuba;La Habana;Cuba;Cuba;31/12/2016
Cuba;Cuba;La Habana;Cuba;Cuba;31/12/2016
Spain;España;Ciudadela en Habana Vieja ;Cuba;Cuba;21/03/2017
Spain;España;Regla, La Habana;Cuba;Cuba;21/03/2017
Spain;España;Ciudadela en Habana Vieja ;Cuba;Cuba;21/03/2017
Peru;Perú ;Lima, Comas;Peru;Perú;2016
Peru;Perú ;Lima, Comas;Peru;Perú;2016
Peru;Perú ;Lima, Comas;Peru;Perú;2016
Spain;España;Sierra Leona;Sierra Leone;Sierra Leona;01/07/2010
Spain;España;Sierra Leona;Sierra Leone;Sierra Leona;01/07/2010
Spain;España;Sierra Leona;Sierra Leone;Sierra Leona;01/07/2010
India;India;Portland;USA;USA;21/08/2016
India;India;Kolkata;India;India;10/08/2013
India;India;Mumbai ;India;India;19/07/2014
Spain;España;Tubigon, Bohol;Philippines;Filipinas;03/03/2015
Spain;España;Ho Chi Minh ;Vietnam;Vietnam;12/07/2016
Spain;España;Sapa;Vietnam;Vietnam;08/07/2016
Spain;España;Barcelona ;Spain;España;21/03/2017
Spain;España;Barcelona ;Spain;España;21/03/2017
Spain;España;Barcelona ;Spain;España;21/03/2017
Netherlands;Holanda;Ahmedabad, Gujarat;India;India;01/05/2011
Netherlands;Holanda;Mumbai;India;India;01/04/2010
Netherlands;Holanda;Ahmedabad, Gujarat;India;India;01/05/2011
France;Francia;La Rinconada De Pamplona Alta, Lima;Peru;Perú;
France;Francia;La Rinconada De Pamplona Alta, Lima;Peru;Perú;
France;Francia;Cerro de Pasco;Peru;Perú;
Portugal;Portugal;Espinho;Portugal;Portugal;20/03/2017
Portugal;Portugal;Espinho;Portugal;Portugal;20/03/2017
Portugal;Portugal;Espinho;Portugal;Portugal;20/03/2017
Argentina;Argentina;Chosica ;Peru;Perú;10/10/2015
Argentina;Argentina;Chosica ;Peru;Perú;10/10/2015
Argentina;Argentina;Puno;Peru;Perú;31/07/2015
Turkey;Turquía;Antalya;Turkey;Turquía;26/02/2017
Turkey;Turquía;Antalya;Turkey;Turquía;26/02/2017
Turkey;Turquía;Antalya;Turkey;Turquía;26/02/2017
Turkey;Turquía;Çanakkale;Turkey;Turquía;
Turkey;Turquía;Istanbul;Turkey;Turquía;
Turkey;Turquía;Çanakkale;Turkey;Turquía;
Portugal;Portugal;Dadaab refugee complex;Kenya;Kenia;01/08/2016
Portugal;Portugal;Dadaab refugee complex;Kenya;Kenia;01/08/2016
Portugal;Portugal;Dadaab refugee complex;Kenya;Kenia;01/08/2016
Germany;Alemania;La Paz;Bolivia;Bolivia;01/01/2015
Germany;Alemania;Bucarest;Romania;Rumanía;01/09/2016
Germany;Alemania;Trujillo;Peru;Perú;01/02/2015
Turkey;Turquía;Zurich;Switzerland;Suiza;16/12/2015
Turkey;Turquía;Zurich;Switzerland;Suiza;16/12/2015
Turkey;Turquía;Zurich;Switzerland;Suiza;16/12/2015
Honduras;Honduras;Caserío El Ocotalio,  San Marcos de Colón. Choluteca;Honduras;Honduras;24/12/2016
Honduras;Honduras;Caserío El Ocotalio,  San Marcos de Colón. Choluteca;Honduras;Honduras;25/12/2016
Honduras;Honduras;Morolica, Choluteca;Honduras;Honduras;10/03/2017
Spain;España;Buenos Aires ;Argentina;Argentina;15/11/2014
Spain;España;Jembesse;Mozambique;Mozambique;01/08/2013
Spain;España;Jembesse;Mozambique;Mozambique;01/08/2013
Spain;España;Juliaca;Peru;Perú;01/10/2015
Spain;España;Ciudad de Dakar;Senegal;Senegal;01/08/2010
Spain;España;Sauraha;Nepal;Nepal;01/08/2013
Spain;España;Ciudad de Dakar;Senegal;Senegal;01/08/2010
Spain;España;La Algameca Chica, Cartagena;Spain;España;24/03/2017
Spain;España;La Algameca Chica, Cartagena;Spain;España;24/03/2017
Spain;España;La Algameca Chica, Cartagena;Spain;España;24/03/2017
Spain;España;Nairobi ;Kenya;Kenia;01/09/2016
Spain;España;Nairobi ;Kenya;Kenia;01/09/2016
Spain;España;Cartagena, Murcia;Spain;España;23/03/2015
Greece;Grecia;El Alto;Bolivia;Bolivia;01/04/2010
Greece;Grecia;Mumbai;India;India;01/01/2015
Greece;Grecia;Govandi, Mumbai;India;India;01/01/2015
Poland;Polonia;Túnez;Tunisia;Túnez;01/08/2016
Poland;Polonia;Túnez;Tunisia;Túnez;01/08/2016
Poland;Polonia;Túnez;Tunisia;Túnez;01/08/2016
Argentina;Argentina;San Juan;Argentina;Argentina;01/01/2017
Argentina;Argentina;San Juan;Argentina;Argentina;01/01/2017
Argentina;Argentina;Valparaíso ;Chile;Chile;01/11/2016
Spain;España;Komarock, Nairobi;Kenya;Kenia;22/02/2017
Spain;España;KomarockTalek, Narok;Kenya;Kenia;08/02/2017
Spain;España;Likoni, Mombasa  ;Kenya;Kenia;15/02/2017
Peru;Perú ;Asentamiento Humano Cantagallo, Rímac, Lima;Peru;Perú;21/11/2016
Peru;Perú ;Asentamiento Humano Cantagallo, Rímac, Lima;Peru;Perú;21/11/2016
Peru;Perú ;Asentamiento Humano Cantagallo, Rímac, Lima;Peru;Perú;21/11/2016
Brazil;Brasil;São Paulo;Brazil;Brasil;25/01/2017
Brazil;Brasil;São Paulo;Brazil;Brasil;16/10/2016
Brazil;Brasil;São Paulo;Brazil;Brasil;16/10/2016
Spain;España;Ouagadougou;Burkina Faso;Burkina Faso;01/08/2014
Slovakia;Eslovaquia;Bratislava;Slovakia;Eslovaquia;01/03/2017
Slovakia;Eslovaquia;Bratislava;Slovakia;Eslovaquia;01/03/2017
Slovakia;Eslovaquia;Bratislava;Slovakia;Eslovaquia;01/03/2017
Spain;España;Granada;Spain;España;08/01/2013
Spain;España;Luang Prabang;Lao;Laos;28/09/2013
Spain;España;Tokio;Japan;Japón;25/09/2012
Spain;España;Arab al Rashaydeh, West Bank;Palestine;Palestina;12/12/2016
Spain;España;Arab al Rashaydeh, West Bank;Palestine;Palestina;20/09/2016
Spain;España;Arab al Rashaydeh, West Bank;Palestine;Palestina;20/09/2016
